{"cameraMode":{"drawMode":0,"name":"Shaded","section":"Shading Mode"},"sceneLighting":true,"audioPlay":false,"sceneViewState":{"showFog":true,"showMaterialUpdate":false,"showSkybox":true,"showFlares":true,"showImageEffects":true,"showParticleSystems":true},"in2DMode":false,"pivot":{"x":27.496021270751954,"y":2.6885175704956056,"z":-27.708070755004884},"rotation":{"x":-0.09806641936302185,"y":0.9007521271705627,"z":-0.3224974572658539,"w":-0.2739051580429077},"size":13.49924087524414,"orthographic":false}