{"cameraMode":{"drawMode":0,"name":"Shaded","section":"Shading Mode"},"sceneLighting":true,"audioPlay":false,"sceneViewState":{"showFog":true,"showMaterialUpdate":false,"showSkybox":true,"showFlares":true,"showImageEffects":true,"showParticleSystems":true},"in2DMode":false,"pivot":{"x":-15.996532440185547,"y":5.288967132568359,"z":-45.57237243652344},"rotation":{"x":-0.14981110394001008,"y":0.8183844089508057,"z":-0.24672262370586396,"w":-0.49692559242248537},"size":5.724745750427246,"orthographic":false}